Country,Year,Avg_Temp_C,Total_Rainfall_mm,Radiation_MJ_m2
Pakistan,2010,22.8,350,14.8
Pakistan,2015,23.1,360,15.0
Pakistan,2020,23.4,340,15.1
India,2010,24.5,900,17.2
India,2015,24.8,880,17.5
India,2020,25.3,910,17.8
Bangladesh,2010,25.6,1600,16.0
Bangladesh,2015,25.9,1580,16.2
Bangladesh,2020,26.2,1650,16.4
Australia,2010,16.0,450,18.5
Australia,2015,16.3,430,18.7
Australia,2020,16.5,470,18.9
