Country,Year,Crop,Yield_t_ha
Pakistan,2010,Wheat,2.6
Pakistan,2015,Wheat,2.8
Pakistan,2020,Wheat,2.9
India,2010,Wheat,2.9
India,2015,Wheat,3.1
India,2020,Wheat,3.3
Bangladesh,2010,Wheat,2.5
Bangladesh,2015,Wheat,2.7
Bangladesh,2020,Wheat,2.9
Australia,2010,Wheat,3.2
Australia,2015,Wheat,3.4
Australia,2020,Wheat,3.6
